system:index,Block,BlockID,FragSize,Hunted,PointID,Site,SiteID,SizeClass,Year,m_evi_2000_2010_h12_16d,m_evi_2000_2010_h12_full,m_evi_2000_2010_h13_16d,m_evi_2000_2010_h13_full,m_evi_2005_2015_h12_16d,m_evi_2005_2015_h12_full,m_evi_2005_2015_h13_16d,m_evi_2005_2015_h13_full,m_ndvi_2000_2010_h12_16d,m_ndvi_2000_2010_h12_full,m_ndvi_2000_2010_h13_16d,m_ndvi_2000_2010_h13_full,m_ndvi_2005_2015_h12_16d,m_ndvi_2005_2015_h12_full,m_ndvi_2005_2015_h13_16d,m_ndvi_2005_2015_h13_full,m_reanalysis,m_sr_2000_2010_h12_16d,m_sr_2000_2010_h12_full,m_sr_2000_2010_h13_16d,m_sr_2000_2010_h13_full,m_sr_2005_2015_h12_16d,m_sr_2005_2015_h12_full,m_sr_2005_2015_h13_16d,m_sr_2005_2015_h13_full,m_tcg_2000_2010_h12_16d,m_tcg_2000_2010_h12_full,m_tcg_2000_2010_h13_16d,m_tcg_2000_2010_h13_full,m_tcg_2005_2015_h12_16d,m_tcg_2005_2015_h12_full,m_tcg_2005_2015_h13_16d,m_tcg_2005_2015_h13_full,.geo
00000000000000000063,Beaver_Brook,BB,28.6323,false,BB_BBS_5,Beaver_Brook_small,BBS,small,2017,-3.3910292881988617,-2.9505657394535048,-2.8680130540895714,-2.278568115393674,-3.059755894769377,-2.8253940011359404,-3.007276758579516,-2.614531073679887,-2.8604963405130364,-2.552086175313488,-2.6004027403833287,-2.0909906378439254,-2.946966255136638,-2.5403427807757306,-3.097910792585352,-2.418537042582116,-3.4790332317352295,-3.3020437415476227,-2.790986612145285,-2.69131050045049,-2.0896891339465116,-4.08366929686461,-3.6738624081549753,-3.5431532013133817,-2.8852575731446155,-3.4935376768210498,-3.093967104772725,-3.1354029798010443,-2.520366716502347,-3.339677517415926,-3.1043951505221425,-3.503174524987962,-3.0803109511607687,"{""type"":""Point"",""coordinates"":[-72.12342231098766,41.76687009596621]}"
00000000000000000064,Beaver_Brook,BB,28.6323,false,BB_BBS_6,Beaver_Brook_small,BBS,small,2017,-3.005424911391804,-2.753249188716455,-2.2702839259926093,-1.9782383217535513,-2.8190860750313997,-2.7284707752126622,-2.3649969019759935,-2.2056395908640587,-1.7663613392917712,-1.7547007358057323,-1.3711114746310131,-1.3332920304125753,-1.8312635299236102,-1.7797136074912805,-1.829253354887085,-1.6664107796202807,-3.1243553161621094,-2.1240541105764086,-2.128479056485963,-1.5642747782107371,-1.5776823177754873,-2.7029324656160556,-2.6940935209623667,-2.2844437594237976,-2.1289001977998763,-3.068835961952872,-2.823758869756579,-2.3905625475531895,-2.0982395912160166,-3.0647409051413375,-2.950641496360265,-2.724024261689891,-2.5468691489032924,"{""type"":""Point"",""coordinates"":[-72.1221068761769,41.76742302449683]}"
00000000000000000065,Beaver_Brook,BB,28.6323,false,BB_BBS_7,Beaver_Brook_small,BBS,small,2017,-3.212696793309826,-2.7911156767796554,-2.7490539975235357,-2.1045434215093834,-2.840488595784759,-2.6930356884324684,-2.7168373161036246,-2.3831236981950408,-2.121942531478824,-1.8046800057317818,-2.01622349387026,-1.4703554838631736,-2.1466652177140197,-1.8133318218091703,-2.473028269918382,-1.8765103105091248,-4.013066291809082,-2.8069232049762793,-2.2839781753431976,-2.2743924482458056,-1.6786035955961442,-3.3573088587730626,-2.968423010173341,-3.0176702319332764,-2.44073158422772,-3.238893022015268,-2.9263408290819557,-2.8230339420198254,-2.234894972693519,-3.090268650058371,-2.9691456269360432,-3.079422142048804,-2.7826375231061995,"{""type"":""Point"",""coordinates"":[-72.12212471258113,41.76629487193031]}"
0000000000000000003b,Wallingford,WF,8.64,false,WF_CKS_8,Choate_KollerEC,CKS,small,2017,0.3635999773760375,0.16298984800202188,0.8221864902614366,0.39785505648045477,-0.24363268965225743,-0.0033381168899415917,-0.17782764791325154,0.02385148724803534,0.09734738992188563,0.2737130352178624,0.5635171153937031,0.4465253904967257,-0.03413380253987714,0.03194118549197257,-0.056798616463239776,-0.009602458989112926,0.039055392146110535,1.6360569651733643,0.9061065682977502,1.7538192822728829,0.9875532559466751,-0.09119482300860365,0.020657924371828687,0.1711722223587908,0.15376046524191161,0.41312826610666725,0.2605032522665992,0.9149866683954817,0.5341948988405159,-0.31416908364306717,-0.13815008348660718,-0.22024131176071413,-0.11022216655398395,"{""type"":""Point"",""coordinates"":[-72.79461511975445,41.45961573787852]}"
0000000000000000003c,Wallingford,WF,8.64,false,WF_CKS_9,Choate_KollerEC,CKS,small,2017,0.3565866066680281,0.36357053765591907,0.891998313597207,0.7690282085459699,-0.2932495933900387,0.04956138202708433,-0.1323525437608587,0.19064201742598477,0.11745252868703189,0.29185231057632943,0.5822373513339489,0.6185026709498816,-0.3375436885622613,-0.0759470886655179,-0.3741628720413705,0.018095078564204083,0.6172418594360352,1.3963794537383643,0.8771844038597827,1.5778120740775998,1.0829450566928844,-0.3914853989596643,-0.059516259784915454,-0.07188952854830649,0.15535349490123976,0.2910890053196204,0.3823892425990722,0.8561032298192521,0.8229532508036811,-0.3144604903365225,-9.312391993723493E-4,-0.15401298600005764,0.13989513578466317,"{""type"":""Point"",""coordinates"":[-72.79166319485707,41.4584296169983]}"
0000000000000000003a,Wallingford,WF,8.64,false,WF_CKS_10,Choate_KollerEC,CKS,small,2017,-0.17658621429895432,-0.28125253623057866,0.3168925036765049,-0.052214713957980274,-0.28227834813551184,0.04452054081431121,-0.0572692831424423,0.19778152944704827,-0.2481178282282696,-0.1247006786449521,0.08541764114275828,0.019863378611606336,0.04180435954441634,0.2521573918632053,0.15708436209010368,0.37472195586023976,-0.2552137639787462,0.35702090103765266,-0.08610652984950593,0.7612642489461661,0.19999177934496024,-0.20792016721067755,-0.04975045719053476,0.1114510692244646,0.1699493820558937,-0.3365482583215349,-0.30398484326209996,0.13918089651223933,-0.061303769255337696,-0.43110079451235284,-0.1371884103135696,-0.19458091632799782,0.02416588972210205,"{""type"":""Point"",""coordinates"":[-72.79451701953127,41.45709634578333]}"
00000000000000000034,Storrs,ST,189.06,false,ST_FNM_5,Fenton,FNM,medium,2017,-0.8332107319372897,-0.66530568853979,-0.34586841512092864,-0.3092279665600584,-0.9926839565268591,-0.7645066784227913,-0.6987165369528192,-0.504737916256833,-0.40732505755960335,-0.3214092583689296,0.006063508335372868,-0.025543161183965362,-0.5531969031396603,-0.347807834433028,-0.5121271843613181,-0.19343003980418047,-0.6871356282915387,0.25002779615260734,-0.1693670738666821,0.48350070257236677,0.09887906081858726,-1.1944327080959507,-0.7582741631998251,-0.7479276148566345,-0.3970769315188955,-0.7782394828628547,-0.6071177495640114,-0.3336587867494826,-0.27888520245128484,-1.2057808504442835,-0.925565100412835,-0.9788606890526188,-0.7394054865617568,"{""type"":""Point"",""coordinates"":[-72.24842874991997,41.825212974149494]}"
00000000000000000035,Storrs,ST,189.06,false,ST_FNM_6,Fenton,FNM,medium,2017,-0.8369855464300826,-0.6351717598593767,-0.4986018319929182,-0.27927951808055823,-1.037002965344522,-0.7930693758248988,-0.8594597422019632,-0.5971703680067565,-0.5156977699320237,-0.33890287350450515,-0.2952588206014821,-0.11898566850442462,-0.7165874525439845,-0.4572981807487391,-0.8393818383777014,-0.4101055988978747,-0.6401142756144206,-0.20955778765889105,-0.31173454296911446,-1.9099863575992396E-4,-0.06664973555006766,-1.7130466367700392,-0.908244361764902,-1.2621264749103915,-0.5796339714650709,-0.7653672401827302,-0.49308136089216215,-0.43422949405003736,-0.14745204918327387,-1.167595196823656,-0.8515220283998047,-1.0426365064954541,-0.7132764862669738,"{""type"":""Point"",""coordinates"":[-72.24739869757663,41.82603344874333]}"
00000000000000000036,Storrs,ST,189.06,false,ST_FNM_7,Fenton,FNM,medium,2017,-0.7310419086452792,-0.568397477783678,-0.4923725133185611,-0.35007667738452497,-0.781050438191135,-0.6155687925475284,-0.6566775128977173,-0.4866171804921583,-0.24843387562387528,-0.2616894386348055,-0.0826337691106289,-0.09254678155369962,-0.5542012133542265,-0.3584861113994569,-0.662533967674823,-0.33634186339927463,-0.8124346051897321,0.1734403897500289,-0.30058008431735506,0.2976590371418774,-0.10227020376296844,-1.2117753613454398,-0.7662446457150737,-0.9415807026106214,-0.49585820073701825,-0.6077551147605871,-0.4450065140166076,-0.4005768770364039,-0.23071251648550525,-0.9369186894810889,-0.693672813123494,-0.8493531243677791,-0.5890324677506655,"{""type"":""Point"",""coordinates"":[-72.24696616477445,41.82495880538945]}"
00000000000000000075,BishopSwamp,BS,560.578,false,BS_GCL_5,GayCityStatePark,GCL,large,2017,-2.523377357952918,-2.2530321255196517,-2.2492241979612038,-1.8602046081144281,-1.901075993059031,-1.8000901957427415,-1.672173914215069,-1.6333236717125097,-1.3980142577923576,-1.122848643609705,-1.2909204645215335,-0.9472891624149725,-1.3415882481670034,-1.07308415384824,-1.4517670875932636,-1.1190680285887362,-1.7428326076931424,-2.4667951773652144,-2.0385664759695308,-2.015533218808417,-1.5592845312686174,-2.8962311383144135,-2.2758466856072497,-2.427838309287218,-1.8785340835280409,-2.642393028439053,-2.3558817354354007,-2.469951993627973,-1.9873343183428138,-2.1617536093075786,-2.017368718352386,-2.0274982960887957,-1.923629799998068,"{""type"":""Point"",""coordinates"":[-72.45437679117443,41.72176182970956]}"
00000000000000000076,BishopSwamp,BS,560.578,false,BS_GCL_6,GayCityStatePark,GCL,large,2017,-2.409627254854587,-2.204846861861607,-2.349551694293183,-1.9510593429383563,-2.0134583635760728,-1.9352499827701108,-2.0134403419533395,-1.8928985432338257,-1.4582318664250107,-1.330555308072897,-1.5647670326726943,-1.307671254410896,-1.4570596319326636,-1.2847220774485764,-1.9239676187038743,-1.5443444895461549,-2.158310137296978,-2.355165702753167,-2.0631353661149485,-2.1251085830187892,-1.687019355865053,-3.044273994603157,-2.5462678160808285,-2.806925026992991,-2.1829691143988676,-2.3824744633797366,-2.1779758609888846,-2.421983619512607,-1.9692957152931698,-2.2694730430809593,-2.1661409511458554,-2.3808650194054923,-2.1815786389432543,"{""type"":""Point"",""coordinates"":[-72.45475581476396,41.7228498503666]}"
00000000000000000077,BishopSwamp,BS,560.578,false,BS_GCL_7,GayCityStatePark,GCL,large,2017,-2.2505407231969827,-2.199619361974906,-2.248377787252176,-2.0184451365826788,-1.8915451454615981,-1.8813843213904968,-1.9160994842201948,-1.8457290498574255,-1.3999829701253512,-1.2305099877104462,-1.5052434685851432,-1.2116106461458405,-1.5037360262061688,-1.2811029165135206,-1.9117948985117872,-1.4678377898786985,-2.732454299926758,-2.280433237621684,-1.9966616374108463,-2.027529863929932,-1.6019999152249336,-3.0762212288459607,-2.475716976266862,-2.7174219724383257,-2.0656199060832807,-2.32085675607713,-2.2630396775066517,-2.376039448961541,-2.0879524878564375,-2.266532661296315,-2.2050944683253872,-2.342479144933733,-2.192028987479957,"{""type"":""Point"",""coordinates"":[-72.45330660692159,41.72255109059602]}"
0000000000000000003e,Wallingford,WF,422.8,false,WF_SGL_8,Sleeping_Giant,SGL,large,2017,0.010148743405270402,-0.05905127114453208,0.5866397061894058,0.23753756344561427,-0.2561324648639137,-0.005191260066787329,0.17875591329622487,0.2703641704181435,-0.07534075656969826,0.08204838949029777,0.30832617470344464,0.2261494789794715,-0.0795036357846327,0.044560994287132547,0.08537310040177779,0.16247622018044322,0.20606689982944065,1.108422747058285,0.40213267357059995,1.607144819447192,0.623604731873622,-0.03327239036643585,0.03983463070701884,0.35661354953043534,0.29262525246091575,-0.057703931846243575,-0.07285525322142447,0.5716047837801463,0.24000814405961796,-0.3337165948276438,-0.07740461639031004,0.13614005149849195,0.2070063973577073,"{""type"":""Point"",""coordinates"":[-72.87693904340318,41.43909495483056]}"
0000000000000000003f,Wallingford,WF,422.8,false,WF_SGL_9,Sleeping_Giant,SGL,large,2017,0.06252862770058727,0.03175121808816666,0.8414406987085322,0.4408007360465347,-0.19982186702613028,-0.11656978508574979,0.06366410752659012,0.07233803747401825,-0.012454664263700597,0.05873932144569255,0.6994685239998398,0.39149025855584757,0.05480730622527636,0.03185043561683787,0.21503716528786193,0.10908676984033305,0.045568267504374184,1.2769593803868362,0.6169485367508284,1.758428530368359,0.8290132970550629,0.25871015727797975,0.06572498549955542,0.565794763137744,0.26304364294959226,0.08005007322785233,0.06785414236284544,0.8845722629581845,0.4970119483984586,-0.1932212424929036,-0.1359336281690675,0.06360232554771063,0.045068855069195425,"{""type"":""Point"",""coordinates"":[-72.87715308025373,41.44161434692576]}"
0000000000000000003d,Wallingford,WF,422.8,false,WF_SGL_10,Sleeping_Giant,SGL,large,2017,-0.15736278082418925,-0.03744110547881818,0.5174230612308792,0.24434794016563652,-0.22724427387420135,-0.06098913791842712,0.15669735150494857,0.11112375224863448,-0.0387648021967562,0.07373429774535134,0.6402361684298953,0.2941003073949574,-0.06147532154654213,0.06953693575618845,0.255902597938058,0.21968938259397972,0.043436743319034576,0.8178865146302543,0.1476043919082662,1.22782576428407,0.30381017957527423,-0.18422981211325587,-0.32320764122010875,0.1810877905511745,-0.09753007806723406,-0.14165586415372497,0.02104716283140167,0.6165015325854665,0.35459680179441355,-0.2504852700296,-0.12067740162455924,0.12997611460920258,0.0482572111927073,"{""type"":""Point"",""coordinates"":[-72.87415210524476,41.440495112561344]}"
0000000000000000002b,Scotland,SC,41.2769,false,SC_SRS_5,Salt_Rock_State_Forest,SRS,small,2017,-0.8693785245368335,-0.9282866818182187,-0.5707159886033331,-0.45577028736411446,-0.901462640362758,-0.7294064881356577,-0.7512666476514088,-0.5689948816772202,-0.680640153409134,-0.862729173111745,-0.48577806765683296,-0.46136483038452186,-0.9203517650559296,-0.7208688302791135,-0.933365304766027,-0.5894752156764537,-0.22534240616692436,-0.45732297356223794,-0.7636084415908388,-0.18578473339527077,-0.3641357963852484,-1.487619702024076,-1.3173250672862442,-1.198053296978597,-0.9155438870082238,-0.7738853522209929,-0.7974181405486686,-0.5020093815921814,-0.3147613484741818,-1.0868223721957637,-0.9166956951986888,-1.0083756278885054,-0.7958217534396411,"{""type"":""Point"",""coordinates"":[-72.09216401260302,41.63697202317829]}"
0000000000000000002c,Scotland,SC,41.2769,false,SC_SRS_6,Salt_Rock_State_Forest,SRS,small,2017,-0.5365499165669037,-0.6849227269831383,-0.12818223178299726,-0.20284689115758767,-0.852834185215723,-0.7861292510958414,-0.5726803822389517,-0.5946851340943484,-0.53881871797468,-0.7098250332031105,-0.2704184083672714,-0.33414236115738877,-0.964625499412185,-0.7143125846374657,-0.73608065304828,-0.5183510808229609,-0.4930139842786287,0.4072199579358957,-0.20911202070267473,0.6717568243989085,0.14411613723600555,-0.897185588764124,-0.7116119702782913,-0.48634016543629227,-0.3702763153213329,-0.46601313754749746,-0.5684436733599029,-0.0774212300806375,-0.0970786745990081,-1.0154440474051114,-0.9052282236690723,-0.8181188524083626,-0.7703513716715584,"{""type"":""Point"",""coordinates"":[-72.09134799711023,41.63791735260161]}"
0000000000000000002d,Scotland,SC,41.2769,false,SC_SRS_7,Salt_Rock_State_Forest,SRS,small,2017,-0.47364596306978035,-0.7436568407755201,-0.06785505979241432,-0.2220131569872578,-0.5616228240754314,-0.5352171006793031,-0.3216991259673816,-0.32997117752963423,-0.5943071246337168,-0.8066312187949822,-0.3751729656243686,-0.44569837881081587,-0.6561135902418095,-0.503185710080939,-0.5416552720338458,-0.35288919520453527,-0.3842157313698216,0.27085564946566765,-0.38907154957012996,0.5548252489569544,-0.04006703389800719,-0.7934736380087715,-0.7858979918050919,-0.4827376257201323,-0.41663803511441494,-0.37855801652190274,-0.6670754884050442,0.008620355110690148,-0.13999789988408998,-0.7514072470245624,-0.6803994606893218,-0.5488293090966174,-0.5104097076493401,"{""type"":""Point"",""coordinates"":[-72.090661295548,41.63691405486459]}"
00000000000000000022,NyeHolman,NH,5.6694,false,NH_TCS_5,NyeHolman_TroopCsmall,TCS,small,2017,-0.8895692695661359,-0.5946965001099048,-0.5963730686516707,-0.2829791013230171,-0.7271869084181326,-0.6376545407596504,-0.5138329795939504,-0.4062136242304938,-0.45764908513444225,-0.37845697507978016,-0.2636863445949412,-0.1385814898719796,-0.7757940876663907,-0.5123444618902612,-0.6948250886370076,-0.3439573474922449,-0.6995112475226907,0.3143536154728238,-0.263024926923459,0.4597930015716091,0.024176618636364687,-0.8367985072922044,-0.5983113294746988,-0.5555865716036145,-0.2672003421624589,-0.9089274279350552,-0.6293639076001033,-0.6179771359108713,-0.3128961552079425,-0.8808873076170146,-0.7480556909948334,-0.7165057782109538,-0.5594556168887523,"{""type"":""Point"",""coordinates"":[-72.32604386285625,41.883778807385454]}"
00000000000000000023,NyeHolman,NH,5.6694,false,NH_TCS_6,NyeHolman_TroopCsmall,TCS,small,2017,-0.7644285952366286,-0.4961082361736218,-0.43869713699171553,-0.259690754132003,-0.7533468662659655,-0.571776493937389,-0.4421336853460603,-0.32261408235330624,-0.4156799057294626,-0.29868120613946225,-0.18959653490100126,-0.11240690456617347,-0.6790939139037725,-0.4176533131818182,-0.4996628060108796,-0.24485763625543122,-0.27230091655955596,0.18543751920596693,-0.4264623567759953,0.3484983569104332,-0.1580960840817535,-0.9983143631403908,-0.6372300745439501,-0.6219357564719277,-0.2855075569615892,-0.7966115271098313,-0.5445616752381615,-0.4758403536149163,-0.30694219865160394,-0.9311535499604898,-0.7114919739435651,-0.6482574842643111,-0.5030718815311803,"{""type"":""Point"",""coordinates"":[-72.32683758284377,41.884733055010905]}"
00000000000000000024,NyeHolman,NH,5.6694,false,NH_TCS_7,NyeHolman_TroopCsmall,TCS,small,2017,-0.6885891813597222,-0.41814592460572425,-0.3295346733074308,-0.00945448337864993,-0.8232304065447904,-0.6805983012647647,-0.45110960931780386,-0.2889513536223888,-0.3199790622796702,-0.3051901777808745,-0.014215108536292098,0.051202140722055645,-0.8284020416804728,-0.6501022666105243,-0.6153402507275256,-0.34164854630655694,0.07480505108833313,0.4221463875296969,-0.3017440274935409,0.5188403264790395,7.353228351289487E-5,-0.9639050430002771,-0.9247690525455512,-0.616314700006908,-0.5000778546964222,-0.6053120413414044,-0.3513703558378243,-0.23657310755177752,0.06374808902898185,-1.018838654777731,-0.8234735676913572,-0.6850401544493565,-0.4611413607802115,"{""type"":""Point"",""coordinates"":[-72.32533486578875,41.88477318692037]}"
0000000000000000006c,Bolton,BL,530.923,false,BL_VFL_5,Valley_Falls,VFL,large,2017,-2.498950124582346,-2.1537820085705874,-2.2319065783853604,-1.749672220076872,-2.1737577376141917,-2.006366524349247,-1.8030923413753375,-1.6086887843577442,-1.7828104055769252,-1.536058362298602,-1.673271012550159,-1.277052302192792,-1.9382940435206697,-1.6050151794208678,-1.8113426040582408,-1.3972659268224483,-2.102381537942325,-2.893982339729154,-2.7119107716197655,-2.4982212980055123,-2.1416161935535163,-3.5318173076350465,-2.8446020007825634,-2.851158931362781,-2.2232335433220456,-2.6832425479768482,-2.293815435672383,-2.447408386760069,-1.8935934586184606,-2.345268242379088,-2.1511076050857922,-2.0499617619075634,-1.827173060027902,"{""type"":""Point"",""coordinates"":[-72.44372399875775,41.80771100251472]}"
0000000000000000006d,Bolton,BL,530.923,false,BL_VFL_6,Valley_Falls,VFL,large,2017,-3.0817564340402153,-2.929121183252019,-3.051817009845048,-2.6473210034756014,-3.1323108362662615,-2.846242769894818,-3.0929645327863473,-2.6396474865125463,-1.911474845960178,-1.7731236455268635,-2.037713755958931,-1.804293287142986,-2.262941727124301,-1.9879256601834026,-2.5325275290220093,-2.097150376157036,-1.9395041995578342,-3.2990950162606767,-2.7365910878809823,-2.952905599344553,-2.294411386458525,-3.9157235941096293,-3.3930368518399767,-3.365297831094262,-2.7514401965371973,-3.1847798891637993,-3.0022835744651326,-3.21500895839123,-2.7554821546987833,-3.3280015217600845,-3.019023212162855,-3.321955293527431,-2.883189480997232,"{""type"":""Point"",""coordinates"":[-72.44298378798287,41.80868308654437]}"
0000000000000000006e,Bolton,BL,530.923,false,BL_VFL_7,Valley_Falls,VFL,large,2017,-2.046011989369475,-2.2374947778531538,-1.707221475588923,-1.723047524490943,-2.6154060290787142,-2.4310865194152265,-2.115954697491972,-1.8954707150580385,-1.6513744045572563,-1.5404005966118597,-1.5091633367194277,-1.3036839052589049,-1.989143160627691,-1.6095283064222439,-1.83581791205734,-1.3876494151194323,-2.4260626898871527,-2.613870600722362,-2.4254673621198424,-2.2892364988485343,-1.9607643784286257,-3.548941870585385,-2.673983643184138,-2.888959646388825,-2.118402558744349,-2.2149824278869,-2.357259110081875,-1.8942543440042214,-1.867975028467926,-2.8813081998371928,-2.6539344765018225,-2.4346562382456156,-2.205996870885132,"{""type"":""Point"",""coordinates"":[-72.44222128170273,41.80771546161577]}"
00000000000000000011,Middletown,MT,69.22,false,MT_WFS_8,Wadsworth_Falls,WFS,small,2017,-0.9141934300166307,-0.9788010849701293,-0.6344725448566998,-0.7261594408790566,-0.3886329953650836,-0.42738540046367673,-0.4478883976613077,-0.533930704759683,-0.6108160345310957,-0.6413119341987233,-0.328743409665999,-0.4474793768521697,-0.09954799179239011,-0.1087507698882548,-0.4496576997444183,-0.27291843032884366,-0.7676886916160583,-0.4374937152136931,-0.8007150742629705,-0.17526012866031157,-0.5823288631180173,-1.204531718967132,-1.0572797177881472,-1.3325740376448496,-1.0418115549329785,-1.0486159043452292,-1.0630854596418087,-0.737986589907302,-0.778558668393897,-0.4685146209579569,-0.5487970190516016,-0.5608881683276897,-0.6742151498281707,"{""type"":""Point"",""coordinates"":[-72.68313759341831,41.532169771119136]}"
00000000000000000012,Middletown,MT,69.22,false,MT_WFS_9,Wadsworth_Falls,WFS,small,2017,-0.7338137458165596,-0.7981098904974624,-0.23860394546580804,-0.4110731388054111,-0.31204186702710024,-0.4657874903418674,-0.4587953837795857,-0.554870050554363,-0.6595722088468597,-0.7715372601455591,-0.21962617760039885,-0.4848142714967028,-0.30950320618170074,-0.35176787803480675,-0.7219622882415682,-0.5152462676616926,-0.9113546013832092,-1.0823286736935485,-1.3288752479034045,-0.6518144149006974,-0.9768247823883031,-1.4160340486348886,-1.4172731726689851,-1.4997253909927344,-1.2682204861312727,-0.8665482936965645,-0.8667166847939473,-0.31951555996698594,-0.44027620242710075,-0.45743546706216265,-0.6403902464644153,-0.6194395200993421,-0.7612449421108181,"{""type"":""Point"",""coordinates"":[-72.68453775114908,41.53445728995956]}"
00000000000000000010,Middletown,MT,69.22,false,MT_WFS_10,Wadsworth_Falls,WFS,small,2017,-0.727057197840926,-0.72556059635016,-0.3055723254904106,-0.39050692375680657,-0.3094051920294802,-0.34942459062340037,-0.24391153025338908,-0.295286989174588,-0.3152252377577202,-0.43161218243787225,0.1569655822249708,-0.20428214141837667,-0.06850931208355329,-0.1371728927780797,-0.28259021307043475,-0.17236035425472035,-0.4396398067474365,-0.15715485138097174,-0.696469412342347,0.23390127879842898,-0.4663715239065466,-0.9493039168576994,-0.85751110653888,-1.0543855603143473,-0.7433763340026132,-0.6813691318471963,-0.7411683600844693,-0.20056713525438874,-0.3926145357724829,-0.42890005691071087,-0.5071914930359733,-0.41569154754195176,-0.4698209250244507,"{""type"":""Point"",""coordinates"":[-72.68120680266216,41.534229875805835]}"
00000000000000000014,Middletown,MT,11.71,false,MT_WSS_8,Wilbert_Snow_School,WSS,small,2017,-0.5161428484865467,-0.6071108246483921,-0.09057202580995044,-0.2539182692613197,0.20040131144001094,0.08762033042101551,0.22976834213269315,0.16184311379959468,0.09354630592133348,-0.18439975655852375,0.6243006616375338,0.14906734182194914,0.30206333573749045,0.1527293208792575,0.21275564482443704,0.26272787333577663,-0.22538632816738552,0.8171682567803423,-0.04534952279024896,1.312392922156445,0.20150083571944918,-0.08801031637682098,-0.2967731662912703,0.0364936456915531,-0.14287870020154403,-0.4461828181027226,-0.5501284907421167,0.06571216135578908,-0.164187382306335,0.1706077000505613,0.03358117817444185,0.18610145380648596,0.09730614903404654,"{""type"":""Point"",""coordinates"":[-72.67393400884399,41.53591987510509]}"
00000000000000000015,Middletown,MT,11.71,false,MT_WSS_9,Wilbert_Snow_School,WSS,small,2017,-0.019261921374554028,-0.023503070638981972,0.33267204985384813,0.21802686116827813,0.19985114051406772,0.01682774998874867,0.20033220210865746,-0.023245159006367054,0.05351337544258039,0.05915851397565598,0.4401819809697957,0.26528937269354164,0.232139346413604,0.11819515943101144,0.09837057513084273,0.05296919301723154,0.29039014710320366,0.6711436959922876,-0.0842486505806662,0.9128381910429466,0.04240016464719787,0.11487283333806769,-0.20438404457791823,0.23256683903144837,-0.13513245145440533,-0.21405484858810186,-0.21386327701765814,0.15182360966787456,0.02118242847058853,0.04231812092504225,-0.1686393248875713,0.05471704937475626,-0.19525485367442694,"{""type"":""Point"",""coordinates"":[-72.67404102726927,41.53843480809923]}"
00000000000000000013,Middletown,MT,11.71,false,MT_WSS_10,Wilbert_Snow_School,WSS,small,2017,-0.6200079863952348,-0.4725962825059367,-0.017451446328845297,-0.07214490247562208,0.012158668214307826,0.03530502806904053,0.053437008960264536,0.18328837972626097,-0.2680591804790662,-0.2250201204511169,0.33862408171976927,0.14767988084516426,0.031965141528573354,-0.060470238141360245,-0.15904004918078188,0.0026932267329489784,-0.40391039848327637,0.5012675080376902,-0.18029312395609187,1.0548524236961987,0.053520553557471144,-0.5281877171830849,-0.578494707168911,-0.41601533985242445,-0.3727888768762069,-0.8136685996710208,-0.635580538572981,-0.20556706865744712,-0.26686302939563655,-0.11918894779817674,-0.12659590683235303,-0.11247598364543952,-0.020733194854446704,"{""type"":""Point"",""coordinates"":[-72.67108018416978,41.53724422811798]}"
00000000000000000037,Storrs,ST,19.6126,false,ST_WWS_5,StorrsTract_WhettonWoods,WWS,small,2017,-0.6964210772508745,-0.48524782243404985,-0.18378194174492665,-0.08236398278487969,-0.9206210644427343,-0.8522515276550893,-0.5400067663709989,-0.4733514373324277,-0.15600006676038627,-0.07827023723821139,0.29191603351106216,0.2510465607847724,-0.5975849068362825,-0.47529119705969847,-0.454591529731484,-0.26491593037995137,-0.6681461334228516,0.4962452536961556,0.24610035828628066,0.6102782872860677,0.44222912853741275,-0.8221593568108129,-0.5095954675295296,-0.5106704068807549,-0.2408771966991538,-0.6581919436259941,-0.3964316486484625,-0.18913205558298177,-0.05031679608403918,-1.0678273667624278,-0.89783008956313,-0.7201059411996038,-0.5638009209148185,"{""type"":""Point"",""coordinates"":[-72.23619297662931,41.806930659830364]}"
00000000000000000038,Storrs,ST,19.6126,false,ST_WWS_7,StorrsTract_WhettonWoods,WWS,small,2017,-1.2288760442604605,-0.9538238493932255,-0.7442373419750596,-0.6601791634993528,-1.4070067174337033,-1.2980050596271717,-1.2258439944998298,-1.1170940569224146,-0.7451641954001301,-0.4779341730695382,-0.40001342307418347,-0.33848509130680254,-0.7798667781685029,-0.6814443221935593,-0.9028873056984581,-0.7567911304340621,-1.0212674140930176,-1.130374969518857,-0.9252713801538226,-0.7939728199506233,-0.6246149871382238,-1.8199485146280163,-1.4902745615313426,-1.5688341856207395,-1.2075760132063094,-1.2593413158008366,-0.9095468095507127,-0.7584527487099247,-0.6351285223553079,-1.7159516510606514,-1.4587563537451889,-1.5707726594965439,-1.3008844761969147,"{""type"":""Point"",""coordinates"":[-72.2348730827175,41.8063821904008]}"
00000000000000000039,Storrs,ST,19.6126,false,ST_WWS_9,StorrsTract_WhettonWoods,WWS,small,2017,-1.3504125186346485,-1.0918740571573835,-0.7178658420457437,-0.6723618094980017,-1.3606492967804882,-0.8885778448323509,-0.9421812550191627,-0.6733431605131568,-0.6537132395617458,-0.31956375393549086,-0.11076504603541493,-0.032825881714551905,-0.9062834203658834,-0.7153193548083718,-0.7190730235906395,-0.5875284259646085,-1.1174198389053345,-0.6037675499627969,-0.6044605926968258,-0.2383098205192051,-0.33831156960287134,-1.606622936523098,-1.2479946108791937,-1.0603865033180049,-0.8794970202339634,-1.3630416027028378,-0.9872896494636638,-0.7438402369513317,-0.5808625673441069,-1.6011809495617793,-1.059372870136246,-1.2037910085528405,-0.8493136744864584,"{""type"":""Point"",""coordinates"":[-72.23437366339951,41.808210421832705]}"
00000000000000000060,Beaver_Brook,BB,389.226,true,BB_BBL_5,Beaver_Brook_large,BBL,large,2017,-2.8686673176371595,-2.6054975618240936,-2.621390541779122,-2.2583620440925833,-3.111434662480358,-2.536800250325393,-3.079106163645741,-2.6227676739176116,-2.0494316713946614,-1.8913558739412875,-2.030898101684539,-1.7855998100842132,-2.4466820438341377,-2.06714539014746,-2.9458749229640153,-2.4152398977378318,-2.8165866004096136,-3.348507187474016,-2.617775173503057,-2.6244442647200543,-2.073542759936017,-4.182683403127407,-3.32393817521194,-3.5749373160374223,-2.8953302434420527,-3.024456496468053,-2.7082730424971393,-2.869240918054399,-2.435889678836021,-3.514491948985186,-2.8198245045545964,-3.618033643784036,-3.035047818168738,"{""type"":""Point"",""coordinates"":[-72.13306288746521,41.741948180178504]}"
00000000000000000061,Beaver_Brook,BB,389.226,true,BB_BBL_6,Beaver_Brook_large,BBL,large,2017,-3.3694390885917853,-3.130136229876364,-3.052565430043826,-2.800970939956817,-3.3994828784996187,-2.9232160542160983,-3.4049973104408693,-2.9282377078997226,-2.0565672203737906,-1.9562827911160172,-1.9184644230108514,-1.9121459981836475,-2.366377626824365,-2.154963167075078,-2.757622191956399,-2.486396263080588,-3.7050852457682293,-3.3754216480140675,-3.0310391055883175,-2.6995689251866004,-2.443153127487463,-3.8246674393579436,-3.431233021001451,-3.3206262269144733,-2.9912599461978138,-3.543378582026822,-3.3202590717425484,-3.379503794246883,-3.051148107084657,-3.7570358529141616,-3.337985618378837,-3.9727194053699506,-3.5069660937983986,"{""type"":""Point"",""coordinates"":[-72.13226916747772,41.74290242780394]}"
00000000000000000062,Beaver_Brook,BB,389.226,true,BB_BBL_7,Beaver_Brook_large,BBL,large,2017,-2.9917152856262197,-2.7936244260556244,-2.569013516427161,-2.2950811003169473,-3.1022303200272185,-2.3741059243402507,-2.9092380959928987,-2.354275492261565,-1.9675286306190243,-1.7665795280821222,-1.8064606305581923,-1.5660342131594815,-1.9335967877837585,-1.6546011480233116,-2.24870878797905,-1.914653992060376,-3.059663884779986,-3.319011168561173,-2.953639387022243,-2.570377542562225,-2.278201298000892,-3.886849751229115,-3.0572642916758515,-3.1430343816839987,-2.5809843940944273,-3.1224422068206854,-2.9718130141693075,-2.8152896731671944,-2.5172814270970547,-3.527309232205168,-2.712828523014827,-3.517062048440596,-2.8060250008986594,"{""type"":""Point"",""coordinates"":[-72.13156017041021,41.74190804826902]}"
0000000000000000001c,NyeHolman,NH,245.924,true,NH_BRL_5,BabcockRd_large,BRL,large,2017,-2.9365221436990527,-2.5821492452045076,-2.078038315758086,-1.7944600911676498,-2.6149900514063766,-2.237381846608565,-1.828865939283256,-1.5326863658705314,-1.426759825476841,-1.2816683696224098,-1.053852205386253,-0.8877355508010689,-1.7308584243029244,-1.3621887706317266,-1.4592093730584859,-1.0134542457758073,-2.6189701557159424,-2.5376195992966233,-2.189207684884504,-1.8155302384411653,-1.5636633556998774,-3.13747854710439,-2.6147344484931017,-2.331404628055607,-1.7849285258068828,-3.2124853813165175,-2.7241437844771372,-2.4273419142081893,-2.0047543462608397,-2.9223740128177056,-2.4792612101574836,-2.2515872653116693,-1.844005679134602,"{""type"":""Point"",""coordinates"":[-72.30648624563584,41.89973793005573]}"
0000000000000000001d,NyeHolman,NH,245.924,true,NH_BRL_6,BabcockRd_large,BRL,large,2017,-1.987771437438285,-1.5733114334182647,-1.3207731271007876,-0.9078271486147361,-2.1540415539238036,-1.9378951571067589,-1.47886018672262,-1.266994383692479,-1.0439339521453312,-0.9198686579847006,-0.5580672246261799,-0.393417424447407,-1.7058855905432573,-1.3960397797732007,-1.336824574423714,-0.9683320149267604,-1.4919929504394531,-1.7953326559463254,-1.6007088455333083,-1.1226668307401613,-0.9761460939864721,-2.9765112463660692,-2.5485780262721027,-2.214658589441431,-1.762821845522196,-2.2031927674048113,-1.7095313972639268,-1.5303509396779256,-1.0291875589231858,-2.4580969266847825,-2.2058019440691528,-1.8395500439938237,-1.558473169210114,"{""type"":""Point"",""coordinates"":[-72.30582629867993,41.90075014599488]}"
0000000000000000001e,NyeHolman,NH,245.924,true,NH_BRL_7,BabcockRd_large,BRL,large,2017,-2.2336649793496823,-1.540370185651979,-1.5234620385963855,-0.9188640090231909,-2.148792614414736,-1.801667549965936,-1.4366183370068466,-1.179041236335315,-0.8451254626742203,-0.6104046638402858,-0.5116122956709971,-0.27250730037273063,-1.6255334327739848,-1.2525691758387743,-1.186428088883099,-0.7957221959133506,-1.4307323904598461,-1.8175392727218187,-1.383482075856506,-1.0701799580575566,-0.8496987826068609,-2.7186722424888146,-2.207373794279736,-1.875389975107586,-1.4348741913616236,-2.683546536357299,-1.81326263211271,-1.9436289161461335,-1.1922070101004087,-2.5041873952463676,-2.1022615859465152,-1.8460682301955833,-1.499943876457724,"{""type"":""Point"",""coordinates"":[-72.3049835285808,41.899809275672595]}"
0000000000000000006f,BishopSwamp,BS,136.619,true,BS_BSM_5,BishopSwamp_medium,BSM,medium,2017,-1.5228286380960834,-1.5300053761600054,-0.9381053543580783,-0.9302986847981924,-1.3024737318011437,-1.2277741940631643,-0.7763799137744246,-0.821769571183936,-1.057381788625386,-0.9218855903633051,-0.6542133999618892,-0.5535340215917314,-1.0085572224720982,-0.9031037597499328,-0.7427915225833532,-0.6682790664395223,-0.9503517786661784,-1.6348183902204296,-1.5545141855084301,-1.0740677853413902,-1.0702898620314765,-1.886984884093502,-1.794154875797875,-1.3490248726984821,-1.3071500930225288,-1.5168385975234635,-1.5346874374622919,-0.9477485922915638,-0.9247274899607945,-1.5763758909012344,-1.4933257443470185,-1.0953650644509454,-1.0970259144167827,"{""type"":""Point"",""coordinates"":[-72.40297673333136,41.7114122561645]}"
00000000000000000070,BishopSwamp,BS,136.619,true,BS_BSM_6,BishopSwamp_medium,BSM,medium,2017,-2.075454094384698,-1.967519338525718,-1.5782579881485252,-1.4181157656689212,-1.8149483984860946,-1.6208134562494716,-1.4375247879561899,-1.3471777708497514,-1.4478749996598557,-1.162647842842057,-1.1540923034990638,-0.8502913890279362,-1.450528566655515,-1.1960892715250369,-1.4954215081110382,-1.150305865607543,-1.5838372366768974,-2.2792496669684637,-1.8896196964318457,-1.7401092066653883,-1.4224672739326398,-2.726457242351244,-2.3447921024866516,-2.291151865381202,-1.8976609617289952,-2.1228046688236337,-2.015806667271401,-1.6611496753348722,-1.4744668504237153,-2.1205953978443834,-1.9010874918683822,-1.8050302056875749,-1.646183992932768,"{""type"":""Point"",""coordinates"":[-72.40389084904731,41.7123129945773]}"
00000000000000000071,BishopSwamp,BS,136.619,true,BS_BSM_7,BishopSwamp_medium,BSM,medium,2017,-1.335518213711058,-1.3140500073371704,-0.7040003402292344,-0.5661938091876865,-1.1626895564630715,-1.2024520158389014,-0.667054841320488,-0.7282753715814587,-0.855489672681583,-0.8187430585626324,-0.38365735063069717,-0.30286498709136483,-0.9198675713136647,-0.8996188286038451,-0.6796443486175547,-0.6038150368246229,-0.502277119954427,-0.6417234691952801,-0.8986455202731067,-0.26275601554819095,-0.4434277499450646,-1.7847942373318042,-1.7482914276412573,-1.2334623237322049,-1.172469499303688,-1.1748130134023593,-1.1321807333972604,-0.5815377762534962,-0.42255875606063104,-1.388499576892749,-1.4150151347318898,-0.9317911980721358,-0.9817858431937072,"{""type"":""Point"",""coordinates"":[-72.40239705019441,41.712451226709966]}"
00000000000000000072,BishopSwamp,BS,14.1268,true,BS_BSS_5,BishopSwamp_small,BSS,small,2017,-0.9323742739715482,-0.7668732717314322,-0.21323654092492217,-0.041655482579124735,-0.7507970831007686,-0.6444643618805153,-0.15188122830503667,-0.06266802061103047,-0.6480481645956405,-0.5485821727827181,0.0735203992551567,0.14790152286017494,-0.7502600091102432,-0.5975757381032258,-0.26133338066852396,-0.05437370356104575,0.058350702126820884,0.1229900485519261,-0.2994070810486943,0.6089368333271171,0.19270364511190116,-1.0163796156739646,-0.772362192076791,-0.33490703695814006,-0.22071208635265344,-0.8900737162323461,-0.5900768306852475,-0.17762998410220243,0.1050972371242446,-0.946809564894372,-0.7748196472433263,-0.3740599222676374,-0.24488689995353133,"{""type"":""Point"",""coordinates"":[-72.38892610591193,41.70983819349264]}"
00000000000000000073,BishopSwamp,BS,14.1268,true,BS_BSS_6,BishopSwamp_small,BSS,small,2017,-0.9824454274099743,-0.8490630845283339,-0.3506176506661053,-0.12807930528167885,-0.6404144949010515,-0.5813321642917031,-0.18886101630101065,-0.11418379088467095,-0.7936585496412544,-0.6647299687765266,-0.15076568461969464,-0.029023995513017296,-0.6199910678138227,-0.5126297853356321,-0.20479059432086763,-0.049031096274534086,0.10876090709979717,0.33094901587541253,0.017965857551123374,0.7328959853895168,0.5061200653569549,-0.7119858292915459,-0.5588841402900043,-0.22406080872217557,-0.0976047973762414,-0.7575930820631196,-0.6144126240738487,-0.14386155694242417,0.08865332322059495,-0.7682436081208244,-0.6879213676544832,-0.346639477376699,-0.25863817518783433,"{""type"":""Point"",""coordinates"":[-72.38835088187605,41.71088608224019]}"
00000000000000000074,BishopSwamp,BS,14.1268,true,BS_BSS_7,BishopSwamp_small,BSS,small,2017,-0.744954749869457,-0.6324430811821571,-0.08001106194765523,-8.38087352011256E-5,-0.411248278999644,-0.3956797431351751,0.12985385838050828,0.09618500297826636,-0.6436719671374862,-0.4649486376733787,-5.560035154241951E-4,0.06043938032250987,-0.6375347524903288,-0.5032686598703815,-0.1346119280581107,-0.019624790731017198,0.0840682158103356,0.5150483719965755,-0.035539009518108206,0.8861969856146302,0.34968384758728843,-0.6504764510859714,-0.4828087723940817,-0.11351012719155153,-0.023870226893922507,-0.6712846679600935,-0.4285296208897082,1.5673600128812188E-4,0.18307530540123576,-0.5309805431250779,-0.49350821835981173,-0.0041769902544030605,-0.012590544924271726,"{""type"":""Point"",""coordinates"":[-72.38743676616009,41.709994262029504]}"
00000000000000000079,Cockaponset,CP,189.202,true,CP_CPM_8,Cockaponset_Medium,CPM,medium,2017,-1.729910256228594,-1.7225844732890814,-1.5890236171404937,-1.3438122099769516,-2.392332408763347,-1.9966694137473282,-2.3438543677572667,-1.8667817729970178,-1.116698418308251,-1.1650101605248078,-1.1844237508887465,-0.9255437358201777,-1.4993369559839431,-1.206961713330548,-1.795411667979341,-1.3000319750948899,-1.3756541201942845,-1.9617997819179995,-1.7433530414070442,-1.6541668396338334,-1.3588906382280286,-3.2464023400318704,-2.5154026999482144,-2.6562081548339807,-2.006652732093131,-1.759881458841922,-1.7129150022580633,-1.6732490914462574,-1.3771254381660971,-2.7184347933108244,-2.3076738620070105,-2.7742234984197145,-2.239019479786484,"{""type"":""Point"",""coordinates"":[-72.53968831252895,41.43161704236393]}"
0000000000000000007a,Cockaponset,CP,189.202,true,CP_CPM_9,Cockaponset_Medium,CPM,medium,2017,-1.2644038728049092,-1.1198417663958273,-1.1261288659014914,-0.9652058853403004,-1.4870703261851976,-1.3072475946413915,-1.5886083716123764,-1.254908552222009,-0.8097294383509045,-0.5561762268299743,-0.6414615797276623,-0.3770576612284795,-0.8834761718264539,-0.6879501974824628,-1.1644398774401636,-0.7225778686146768,-1.556563657872817,-0.6701533964407438,-0.7137831568989682,-0.45689171198731043,-0.472706015897773,-2.239982277156728,-1.7988393318524714,-1.9613916740386799,-1.480452959455391,-1.3562565297373022,-1.199936276623237,-1.2486239628710678,-1.0602086832165518,-1.6810592242171405,-1.533744965297559,-1.8657612999494044,-1.5445343485449001,"{""type"":""Point"",""coordinates"":[-72.53823910468658,41.4338911839012]}"
00000000000000000078,Cockaponset,CP,189.202,true,CP_CPM_10,Cockaponset_Medium,CPM,medium,2017,-2.067137185932542,-1.8951642075789463,-2.029251100856489,-1.786024759095329,-2.6535912936155674,-2.2410644900326466,-2.7470576511023674,-2.20989674532863,-1.5054232594262724,-1.3265481587304642,-1.5284463763559257,-1.2585579188440243,-1.634137298224609,-1.3890205634739738,-1.991705148293973,-1.5678199046821457,-2.105514717102051,-2.0111340041300307,-1.8454679339116886,-1.7623415468378691,-1.5496597679572082,-3.0747064085745675,-2.5841780161844943,-2.8071366792957084,-2.196906086745019,-2.1149755968330375,-1.904992702825969,-2.1659257542475814,-1.8521941571745049,-2.933163619022034,-2.484328566583256,-3.2348004992334305,-2.609936984085212,"{""type"":""Point"",""coordinates"":[-72.53634398673887,41.431813242810286]}"
00000000000000000004,Meshomasic,MM,144.228,true,MM_GHM_5,GoodaleHillRd_medium,GHM,medium,2017,-1.6774867548805261,-1.5948603322153416,-1.416916098206624,-1.4263051913391325,-1.5371297870284086,-1.4590386475687291,-1.4649844994430656,-1.3057393019766148,-1.1440827431227043,-0.9668627409879785,-1.0451309119859,-0.9378008486975081,-1.3336429878155072,-1.0702536433272762,-1.5649898874965849,-1.113725324665584,-1.9613917957652698,-1.9652128532018478,-1.7402357982690582,-1.5237584808204039,-1.3974093592652708,-2.9086254687756985,-2.1526520916517935,-2.4148220543825802,-1.6855014437496727,-1.8674832910521788,-1.693087920447015,-1.6298007046961709,-1.5240420323702117,-1.8600641298533005,-1.7943290987039702,-1.8449885940897301,-1.6663185975937813,"{""type"":""Point"",""coordinates"":[-72.50315935669913,41.686909495875824]}"
00000000000000000005,Meshomasic,MM,144.228,true,MM_GHM_6,GoodaleHillRd_medium,GHM,medium,2017,-1.9648203076116153,-1.6172650512283653,-1.7043366921588177,-1.4249203054827586,-2.0387519920005577,-1.765967872395779,-1.8960599643710885,-1.7088365020762126,-0.968490329366438,-0.8378642724938917,-0.8536438883326223,-0.7791060219606928,-1.343858265209623,-1.0334184319444355,-1.5876881597212154,-1.169333230473995,-1.4849446296691895,-2.276643055047677,-1.886298966229602,-1.749201972287438,-1.5260225061596038,-3.1211173719873235,-2.423866298611165,-2.6383549672502538,-2.0777803786993596,-2.1703664593862717,-1.8411765975743655,-1.951792475068877,-1.6750597018443412,-2.373502178075831,-2.0605759311114284,-2.3250632160436373,-2.0668166912562933,"{""type"":""Point"",""coordinates"":[-72.50337339354968,41.688024271139184]}"
00000000000000000006,Meshomasic,MM,144.228,true,MM_GHM_7,GoodaleHillRd_medium,GHM,medium,2017,-2.1344696281280835,-1.86159338331972,-1.9740976445209646,-1.751597275823555,-1.656314571317851,-1.523059472354745,-1.8499360748779679,-1.7196836206970516,-1.5092428633227624,-1.2428942319429364,-1.5203302699919061,-1.2745537924658425,-1.2378869108630688,-1.0165636162647784,-1.7260192019782927,-1.3478221849653829,-2.1648233201768665,-3.0510480051177904,-2.327030166590194,-2.4249948388289364,-1.8937773826427264,-3.024680199765359,-2.314984414261331,-2.636756597585971,-1.9798748947434277,-2.3672953172676507,-2.1247661499876904,-2.240252253859676,-2.0408423197729224,-2.005264755689356,-1.8715690494509212,-2.2908050196653957,-2.138579356170542,"{""type"":""Point"",""coordinates"":[-72.50197769491996,41.68760511564016]}"
00000000000000000007,Meshomasic,MM,97.3906,true,MM_GHS_6,GoodaleHillRd_small,GHS,small,2017,-1.8739408499046282,-1.4527457144313307,-1.4159515716072792,-1.2427503784373006,-1.635069683488735,-1.6399491693005948,-1.4404796814305685,-1.4388060726155996,-1.065557285455427,-0.8616635959665544,-0.833955417609492,-0.7908123938319749,-1.394353873431969,-1.1435062223770787,-1.439616485754075,-1.0817116432943803,-1.429114818572998,-1.5878392556262928,-1.6224516285213824,-1.1521151958636533,-1.2940526723536614,-2.8462670050167946,-2.12328351897883,-2.359866106497424,-1.6760630018242628,-2.049270877578166,-1.5559264259568957,-1.653626446544276,-1.4020295160814469,-1.9304070993155193,-1.9013819030226675,-1.8328809441231233,-1.7578482169510914,"{""type"":""Point"",""coordinates"":[-72.50274911940221,41.69515437372363]}"
00000000000000000008,Meshomasic,MM,97.3906,true,MM_GHS_7,GoodaleHillRd_small,GHS,small,2017,-1.7646108505908167,-1.3243961660750245,-1.371401711042455,-1.1262837010334146,-1.4262210330955307,-1.4589107885718025,-1.3304881759700937,-1.2648879343651782,-1.0127779806600625,-0.6822271793847916,-0.8588824386282077,-0.6164571177829214,-1.1750257486951148,-0.9800207300934771,-1.2759097731907196,-0.904709184858353,-1.3406658172607422,-1.6283755220630547,-1.4022800508539506,-1.2467681349907325,-1.0870892568618509,-2.350087765656131,-1.8594165216393201,-1.980584928627963,-1.4340382098969138,-1.68121103544934,-1.2504070093219473,-1.3309516577083937,-1.086167785473846,-1.6013915516633819,-1.5775174680952455,-1.5633714379071855,-1.435837585783694,"{""type"":""Point"",""coordinates"":[-72.50131774796405,41.69550218360581]}"
00000000000000000009,Meshomasic,MM,97.3906,true,MM_GHS_8,GoodaleHillRd_small,GHS,small,2017,-3.1173752816464755,-2.8005151872046565,-2.9130651861736823,-2.6090329776438312,-2.3909082717237595,-2.4846604987854737,-2.5948231545318445,-2.5660391512442757,-1.555672103324017,-1.22683694025374,-1.5394764674697314,-1.1314968982090399,-1.9045543723914025,-1.474732452908012,-2.2936541073806156,-1.5796002470115993,-2.3902440071105957,-2.378900312547913,-1.9873139422995907,-2.053543957303586,-1.6509213895394572,-3.05004449082813,-2.2489993712353997,-2.7841873050633192,-1.9241437298680237,-3.2379724408694015,-2.8978813883463515,-3.0763105928364003,-2.7912130374952127,-2.5237760106997498,-2.635695147471551,-2.7952508798330116,-2.8118335923380653,"{""type"":""Point"",""coordinates"":[-72.5013043706609,41.69363382026441]}"
0000000000000000007c,Cockaponset,CP,2.97,true,CP_HRS_8,Hubbard_Road,HRS,small,2017,-1.6930159939866853,-1.5352282762219565,-1.0384641954975944,-0.9357443611788525,-0.9050549227508863,-0.930742904259394,-0.486313035136752,-0.505722692090283,-1.0229483715495542,-0.8917807505405095,-0.7959474906887384,-0.5778860335268232,-0.6506062728452511,-0.4628835511176202,-0.6998086255862738,-0.38159453096149915,-1.0326967239379883,-0.5878532982287823,-0.8084738419363514,-0.23349469199271647,-0.44809250327270067,-1.392039754121482,-1.1055092387044008,-0.9076048023421476,-0.6602331469159893,-1.8510601262314668,-1.6182520377441967,-1.1303833726683943,-0.9957074909370595,-1.2445430928700678,-1.2453588922349739,-0.7702040223407077,-0.7403502559853848,"{""type"":""Point"",""coordinates"":[-72.54445509155508,41.46894863638339]}"
0000000000000000007d,Cockaponset,CP,2.97,true,CP_HRS_9,Hubbard_Road,HRS,small,2017,-2.3679834699585123,-2.2588929915409746,-2.0241491477533473,-1.9097484108803717,-2.138053406862423,-2.092243255106983,-2.104410878593378,-2.0833235404136183,-1.3729508831387205,-1.3635556167445664,-1.3486610780947552,-1.2159134532076596,-1.1607783465326267,-1.1040414311394877,-1.7090153421478187,-1.4784483871019143,-2.9002142513499543,-2.0195366088442195,-1.87649159571827,-1.7637749626704298,-1.5647669842658865,-2.856889212982545,-2.369270209599323,-2.5652254834188635,-2.177808905334937,-2.6274164290010815,-2.2612323454274437,-2.2986588287123384,-1.9483206733024214,-2.470286190917969,-2.3574645534520444,-2.469561910491092,-2.3977334474889025,"{""type"":""Point"",""coordinates"":[-72.54249754619262,41.46690190899985]}"
0000000000000000007b,Cockaponset,CP,2.97,true,CP_HRS_10,Hubbard_Road,HRS,small,2017,-1.3546342902665582,-1.4969277630023914,-1.1995202626149581,-1.3024104265982492,-1.243603491542469,-1.2600925510146634,-1.1446756159176295,-1.1699906150617436,-0.7389630760379058,-0.8881576895142371,-0.7055538073112313,-0.7350174684875098,-0.9142174839753378,-0.791294777804782,-1.0246658828250805,-0.8338847800185297,-1.9540081024169922,-0.6974115871593306,-1.1522152252063549,-0.5841747141688493,-0.8857070818463842,-1.353377249950023,-1.0766708509248668,-1.1356488176713864,-0.876387631040978,-1.0594431032014962,-1.2725011784034077,-0.9987973336991833,-1.1299654037954066,-1.406008155224579,-1.3604612810065508,-1.422422983160259,-1.3741366299866873,"{""type"":""Point"",""coordinates"":[-72.54582849467954,41.46664774023981]}"
0000000000000000007e,Coventry,CV,44.05,true,CV_LFS_5,Lee_Farm,LFS,small,2017,-0.6231053798855276,-0.39043909316772,-0.35100248429441433,-0.0016741980065226785,-0.38400334198460473,-0.40545351981487904,-0.07142222382943259,-0.07605563933412579,-0.13320072305531444,0.005520140905606503,0.03031507513338024,0.266899716708241,-0.3480264720006155,-0.26830414885893905,-0.11680246294365812,1.7035635734664344E-4,-0.019672323018312454,1.1862100288989752,0.5510492349138606,1.0160233992283874,0.7320106269991451,-0.08775385170549987,-0.04014137379328716,0.14868506364767728,0.20558564325309464,-0.5470137291546021,-0.2600636882619904,-0.3033410800996122,0.09073723349348944,-0.4992629042352706,-0.4356458381503184,-0.18826665521550398,-0.13131172784572828,"{""type"":""Point"",""coordinates"":[-72.34346111157102,41.7946190818218]}"
0000000000000000007f,Coventry,CV,44.05,true,CV_LFS_6,Lee_Farm,LFS,small,2017,-1.0775000305124796,-0.6349244541391887,-0.8148607315503649,-0.2811225495233959,-0.5959234181670372,-0.5186182736340693,-0.3264761936458492,-0.18991969959149763,-0.29863749381898336,-0.05394500488127943,-0.14230715547118025,0.20895954603205086,-0.6223298574705558,-0.40308554152875087,-0.5156600089589847,-0.135949603467346,-0.6085910797119141,0.8159927326993628,0.3948606475499087,0.7917069869382416,0.5503832381317607,-0.8278474278260581,-0.5614294573285348,-0.5286210257702136,-0.202741208638467,-1.0110466331657213,-0.5528548564922388,-0.772895214483705,-0.2183113389940271,-0.7536761865324377,-0.6153647304319458,-0.5129443979788275,-0.31085553692159895,"{""type"":""Point"",""coordinates"":[-72.34355029359207,41.79574277528727]}"
00000000000000000000,Coventry,CV,44.05,true,CV_LFS_7,Lee_Farm,LFS,small,2017,-0.9463506706179137,-0.6260376896435587,-0.5065288372735857,-0.16436646499048205,-0.3975656502394442,-0.43568071078448567,-0.11920057119804543,-0.03143471504195479,-0.28806542551842657,-0.08735362542530258,-0.011501932705611635,0.22113340022981728,-0.6085097693221255,-0.37518249235437173,-0.43573199410707397,-0.042072691865695094,-0.37728264596727157,1.025210170477109,0.332788601500163,0.9227393074179575,0.5175056363443192,-0.46278109741020196,-0.27219629896134456,-0.205195088762014,0.08512170611478266,-0.8004770135405793,-0.40400240542569554,-0.3978567531440355,0.004438048164212492,-0.48175065435020137,-0.4457533510841753,-0.23243630461445236,-0.07974130849341707,"{""type"":""Point"",""coordinates"":[-72.34219918597289,41.79523889686824]}"
0000000000000000000a,Meshomasic,MM,1013.14,true,MM_MML_5,MeshomasicTrails,MML,large,2017,-1.531504740095497,-1.203146231118389,-1.2401319913262345,-1.0516715900859146,-1.2295629485909756,-1.175888208945082,-1.1819371730982406,-1.1395218177076623,-1.0927356676019997,-0.7706293801812549,-0.9957914833910192,-0.7348706539326755,-1.0357876475447214,-0.7981847343105739,-1.2536090715273192,-0.9298171643463785,-1.2206517457962036,-1.8034283900037864,-1.3318402825480868,-1.3681112845593228,-1.034809701106269,-2.42925838125466,-1.8812905484869182,-2.241054521584904,-1.5990350990626092,-1.5599708674004744,-1.283612610076748,-1.2598075085107714,-1.134058194874954,-1.4925738400992137,-1.4172780610549467,-1.4638094171222529,-1.406193778329352,"{""type"":""Point"",""coordinates"":[-72.48196524939209,41.675182060105264]}"
0000000000000000000b,Meshomasic,MM,1013.14,true,MM_MML_6,MeshomasicTrails,MML,large,2017,-2.5513071945681856,-2.103802554278845,-2.23943906443639,-1.812543811060556,-2.0595867741143556,-1.8397309766265861,-2.070209863642823,-1.8120396440338278,-1.4048409278934102,-1.182636937425418,-1.2451503318987267,-0.9905470243194652,-1.4463991579546833,-1.1925131354119594,-1.6547125994233225,-1.2501711393357406,-2.0125519888741628,-2.6046511936352372,-1.855231154519418,-2.0055290852939436,-1.441512003795936,-2.8656140247116273,-2.32133777371806,-2.6570660700940247,-2.0453065457720183,-2.760427924167872,-2.2508738786771723,-2.4387241141432145,-1.975284485388435,-2.3959268296829537,-2.1423940336042175,-2.465039251172745,-2.17201698315266,"{""type"":""Point"",""coordinates"":[-72.48284815140067,41.67609171672016]}"
0000000000000000000c,Meshomasic,MM,1013.14,true,MM_MML_7,MeshomasicTrails,MML,large,2017,-1.6112333991225538,-1.470381117693627,-1.2589579094239893,-1.1399863336613192,-1.6530243191869092,-1.3911923803096757,-1.6253272811824802,-1.2663338987270008,-0.9480586090235052,-0.7502401711318709,-0.730002476091083,-0.5253484463118112,-1.1857611190004547,-0.9332572094525138,-1.4134965460269275,-0.957574461170814,-1.4487436930338542,-1.4781429018232708,-1.465655990848636,-1.0644999331581648,-1.0849433248211011,-2.4106042578738465,-1.8334137290545556,-2.2322288159959642,-1.5571199207501683,-1.6478474142914572,-1.5538053777303007,-1.2784851947491964,-1.2000750195973207,-1.8644627264792144,-1.6050954705269562,-1.8448785216187455,-1.492663024024305,"{""type"":""Point"",""coordinates"":[-72.48135881164882,41.676212112448596]}"
0000000000000000000e,Middletown,MT,439.155,true,MT_MPL_8,Millers_Pond,MPL,large,2017,-1.673077741882403,-1.5408806731891858,-1.5690794197703086,-1.4163361982564708,-1.6167938180680712,-1.51508189143709,-1.553389605772103,-1.403032490326845,-0.41533891329876915,-0.4562988199535566,-0.2378057399715535,-0.427417430526395,-0.7274655876646003,-0.7349279068098998,-1.1092301063457388,-0.8905541586802751,-2.9054533004760743,-0.8837323154225967,-1.2308121041226472,-0.7054271240064109,-1.0076839038827041,-1.8102912638147253,-1.6756731472834383,-1.871014788093853,-1.458046856942345,-1.8336988942485137,-1.6730883950014788,-1.6872068297662526,-1.517552177231655,-1.8051375033688455,-1.6986710390728905,-1.8436864502110781,-1.6162674144376663,"{""type"":""Point"",""coordinates"":[-72.63285676993965,41.47283697250199]}"
0000000000000000000f,Middletown,MT,439.155,true,MT_MPL_9,Millers_Pond,MPL,large,2017,-1.3636752825044351,-1.2709621870198817,-1.2503251332102563,-1.1640740787939032,-0.9637047069431797,-0.6867559870497519,-0.6958690806668296,-0.518533720214073,-0.49066150652110324,-0.5507111713373988,-0.20241353148923713,-0.43022375365000837,-0.5380759282950323,-0.5181701200766918,-0.4888620063729711,-0.4216229931975361,-1.8021045684814454,-0.8831314808226405,-1.3086987797743999,-0.6133061563412299,-1.0501243739796113,-1.5651269805893928,-1.4988234378077319,-1.2997404153594663,-1.2211703701197296,-1.3343055806144062,-1.2533067730555116,-1.1827158335460561,-1.158651294104689,-0.9434597731843082,-0.667921587167915,-0.7198540256495782,-0.5362489188231631,"{""type"":""Point"",""coordinates"":[-72.63114001603407,41.47500409561396]}"
0000000000000000000d,Middletown,MT,439.155,true,MT_MPL_10,Millers_Pond,MPL,large,2017,-1.276180131401341,-1.2548199454098965,-1.0799772536612822,-1.0867505141369096,-1.2566633962558582,-1.0442282432031773,-1.060869167848861,-0.9619548272179205,-0.6363851051560689,-0.67720936340812,-0.4075630848770693,-0.5578778642117597,-0.8448120237248472,-0.6607971579619163,-1.05005902544777,-0.7246774091537336,-1.5675267306241123,-1.3673405177829994,-1.4445682415181675,-1.0966351284589708,-1.1552591902551628,-2.0949254893354077,-1.6372579469733546,-1.909163658313216,-1.3838690251427286,-1.572171455173573,-1.4007508219957563,-1.3549467180657386,-1.2411329943833875,-1.4275308560883382,-1.2500069593697871,-1.278533226940844,-1.2069780537382544,"{""type"":""Point"",""coordinates"":[-72.6295079850485,41.472805758794614]}"
00000000000000000025,Scotland,SC,113.506,true,SC_MPM_5,MahoneyPond,MPM,medium,2017,-1.2582274536736655,-1.0661626603085672,-0.5879545316056584,-0.5552048188470821,-1.2578450657413989,-1.0318510449595002,-0.9521843334412081,-0.8336489347413419,-0.569812688910724,-0.600007562680194,-0.2565979036492382,-0.3339603343169615,-1.0860213447391145,-0.8679870846231961,-1.1655367029127723,-0.8907190328204901,-1.2234867269342595,-0.7045785526254044,-1.0435449460428114,-0.2958820546321975,-0.6732780120101082,-1.9558010990015966,-1.5697754145042093,-1.478409421084589,-1.2251240013805795,-1.2749700226522873,-1.077252417580003,-0.6165109537838018,-0.5640959113131182,-1.4247270288888731,-1.1957088252276804,-1.1415032267713359,-1.0072800630648728,"{""type"":""Point"",""coordinates"":[-72.13970694803486,41.62041538096684]}"
00000000000000000026,Scotland,SC,113.506,true,SC_MPM_6,MahoneyPond,MPM,medium,2017,-0.45627472315408274,-0.4713392436724284,-0.15070692047632783,-0.14958822180968637,-1.5911543063220865,-1.4258192278772643,-1.4077351735200665,-1.2749471279257167,-0.085848516086472,-0.24421273888446304,0.0698194287610066,-0.019600230486883106,-1.3592568661651936,-1.136943787376596,-1.3912639569946832,-1.1247325405930957,-0.45167903900146483,-0.03840650675817581,-0.5719391315262853,0.2186531536599964,-0.2814814883735982,-1.9142272290815967,-1.6424122359556546,-1.777375024037918,-1.4369568863021374,-0.4585551147499758,-0.47272007112360204,-0.176566340252236,-0.1508485120396597,-1.8931157048480949,-1.6609965520106358,-1.7590646452233814,-1.552058652114139,"{""type"":""Point"",""coordinates"":[-72.13823098558616,41.620598204110024]}"
00000000000000000027,Scotland,SC,113.506,true,SC_MPM_7,MahoneyPond,MPM,medium,2017,-2.1033903352344194,-2.032178985808684,-1.4500839132970504,-1.5580105229320795,-1.8028465213431015,-1.6515707102517367,-1.602652369974983,-1.5276342353124825,-1.3254120123046933,-1.2072325330666194,-0.9955081129067483,-1.0055753898443627,-1.5576751973175795,-1.2755510969668464,-1.7911634171439559,-1.4035235571514704,-1.5698981285095215,-2.0821901553721656,-1.994717408251015,-1.5269103976013152,-1.5739325450187065,-3.0490931644918082,-2.516580466259482,-2.342801398610298,-2.020454908584616,-2.151058049184615,-2.045059425342368,-1.4862953086362782,-1.5707083421612145,-2.0269014420948133,-1.8762683958842565,-1.8585624119815272,-1.7800862254653538,"{""type"":""Point"",""coordinates"":[-72.13875715951048,41.619545856261404]}"
00000000000000000016,Natchaug,NC,355.647,true,NC_MRL_5,Natchaug_MoonRoad,MRL,large,2017,-0.2507424208840291,-0.03736703677802318,0.1887814053006,0.3729453178873761,-0.6569363715384816,-0.4680380407568435,-0.42560510547097935,-0.3313633843078468,0.026014643623358532,0.040280296000192305,0.28946316988005477,0.266021570522173,-0.771129137199109,-0.631197123407487,-0.714203583101804,-0.5831816534446422,0.3927726149559021,0.7665181304478433,0.1426755204259442,1.0563812482115276,0.44280103390775133,-1.0146162239350303,-0.7868979842891228,-0.8308181328160914,-0.5757528971505255,-0.07759168924260725,0.13246874567706216,0.33751489866474943,0.5302266704408395,-0.8996874222220949,-0.5820326032641532,-0.7267765509030044,-0.4771147231993041,"{""type"":""Point"",""coordinates"":[-72.14644019062555,41.90868288676895]}"
00000000000000000017,Natchaug,NC,355.647,true,NC_MRL_6,Natchaug_MoonRoad,MRL,large,2017,-0.3432205152729879,-0.025505623692626267,0.05841228947063448,0.22834208388002133,-0.5162434628947993,-0.35481357020018484,-0.2291404126354547,-0.15780396382034492,-0.143845834222865,0.03631746186240903,0.1530025542249437,0.21624193297849814,-0.6335845547798908,-0.36865396418665813,-0.4969272670922579,-0.254305501695847,0.036406955298255474,0.8431623907437344,0.2527814507726194,0.9969066104005997,0.41839373919030176,-0.8124224010420038,-0.5298636118572049,-0.5205209165392347,-0.2936465639509951,-0.14415621184855665,0.23896124367517663,0.25141151941270234,0.47392247987564473,-0.6616055422016235,-0.3908737006123454,-0.42337888668699236,-0.2478134093326013,"{""type"":""Point"",""coordinates"":[-72.1454681065959,41.909547952373316]}"
00000000000000000018,Natchaug,NC,355.647,true,NC_MRL_7,Natchaug_MoonRoad,MRL,large,2017,-0.4865655826801586,-0.3878502239079575,-0.1848220218739135,-0.06470642370155577,-0.5686915957915007,-0.4021520370051798,-0.41242090884447313,-0.2647450655434151,-0.05442616298894964,0.08241232766243585,0.18452202814891341,0.21578830558579423,-0.696188709182114,-0.6545382427677074,-0.6592177308781438,-0.617286343990219,-0.08045293390750885,0.4243297959613604,0.04367129862255737,0.6750882347579791,0.2854021321769986,-0.8768453675928777,-0.7131163887228922,-0.6732010729348866,-0.4518496746927393,-0.22340296412980312,-0.19779870321303694,0.08134803445964321,0.11017072822185847,-0.6707290839664987,-0.3857598609307241,-0.5856704502147648,-0.29891667686362616,"{""type"":""Point"",""coordinates"":[-72.14495085087371,41.90849114542365]}"
00000000000000000028,Scotland,SC,99.9999,true,SC_MSL_5,Mohegan_State_Forest,MSL,large,2017,-2.309255337340058,-2.162205875787879,-2.010699188978007,-1.7162805644513446,-2.601301287776447,-2.3801434398549133,-2.2339673663516804,-2.074125999822654,-1.578706829036078,-1.384530358641649,-1.5089458438193237,-1.18421288619683,-1.8377166355609964,-1.676170663031617,-1.9805876436257528,-1.7322584940415908,-2.2549588680267334,-2.908104712656379,-2.418651549827691,-2.4528280055585716,-1.8833651572215828,-3.4523715352653794,-3.0823033100115946,-2.9460557678360852,-2.527906538642679,-2.370699018418884,-2.201452387461264,-2.0924428740786745,-1.7765644125745108,-2.8351556276425596,-2.558965648939473,-2.54996380828424,-2.3213737466826765,"{""type"":""Point"",""coordinates"":[-72.07776111620038,41.66726269663434]}"
00000000000000000029,Scotland,SC,99.9999,true,SC_MSL_6,Mohegan_State_Forest,MSL,large,2017,-2.3309230206272913,-2.1791016332883526,-1.9872730859301466,-1.5901454384640135,-2.6565367495049035,-2.4113844390380983,-2.2155530717828693,-1.9331374793089455,-1.4049024380590294,-1.1507307422752107,-1.219896072087483,-0.7540292787818059,-1.6827536311305118,-1.4604367230735074,-1.4983726938777746,-1.1739341167263961,-2.2779293060302734,-2.4865686441144623,-1.8488807192712036,-1.8931566075392414,-1.302504020574021,-3.06982986439865,-2.7692569273145384,-2.352872218152988,-2.0369521244359654,-2.1985191090050527,-2.065064549467005,-1.926256660989734,-1.5489791735005636,-2.7742234032025683,-2.5037495609351943,-2.490784810829269,-2.166438186039647,"{""type"":""Point"",""coordinates"":[-72.07678011396862,41.66811884403659]}"
0000000000000000002a,Scotland,SC,99.9999,true,SC_MSL_7,Mohegan_State_Forest,MSL,large,2017,-2.251063504208124,-2.0369110610448127,-2.0088211021167295,-1.6079506135130013,-2.5156589852937348,-2.2923152781755674,-2.0804021487049043,-1.9583384530960886,-1.4315581609038242,-1.1561095204021834,-1.3781071262261089,-0.9250975988635425,-1.6428018890346523,-1.480343306148582,-1.584703119916703,-1.4228370303852411,-1.950760841369629,-2.6467783108433687,-2.150941990858386,-2.1740395261412915,-1.6644205507168939,-3.2507835135280936,-2.8037606241738375,-2.6548006229044225,-2.27534267456068,-2.247471118058353,-2.049319359014909,-2.0176055275869476,-1.672073092222888,-2.856702941548474,-2.53400766387705,-2.4986155276018605,-2.2818826601206665,"{""type"":""Point"",""coordinates"":[-72.07628069465063,41.66706203708692]}"
00000000000000000001,Coventry,CV,400.49,true,CV_NHL_5,Nathan_Hale,NHL,large,2017,-0.9792613123086867,-0.8133036369092755,-0.48552047938548426,-0.3180354928543049,-0.9949112720604795,-0.8715330316080495,-0.4730292461807701,-0.45724087956364745,-0.5845298856383543,-0.4429671617624344,-0.19173350108100076,-0.06424911456620758,-0.7167597064726634,-0.577648309500555,-0.3961265074118678,-0.28437016916196883,-0.37045377095540366,-0.12025104620400962,-0.4741918766642542,0.17202901423301747,-0.11482444023611278,-1.3303633571710207,-1.0236487868794288,-0.8305057382164309,-0.5702609031313033,-1.0059886541448004,-0.7841501453149576,-0.5234520478544222,-0.2801182234957793,-1.154915054446675,-1.0138694892972582,-0.6483162518845929,-0.5946421493277401,"{""type"":""Point"",""coordinates"":[-72.34779981689601,41.75812133969935]}"
00000000000000000002,Coventry,CV,400.49,true,CV_NHL_6,Nathan_Hale,NHL,large,2017,-1.5252572053182045,-1.2824158920322557,-1.0105988199318083,-0.7954953720532146,-1.4292112675430813,-1.336416477867923,-1.0172324947989624,-0.9975909489021597,-0.9196995331342044,-0.639059211939744,-0.5741870499810815,-0.35313147178846876,-0.9167789994716962,-0.7357969883240608,-0.7900418443726889,-0.6288463923718006,-0.5871447881062826,-0.9559628305326847,-0.8406418899795397,-0.5426375552226772,-0.4693470790741448,-1.9040863316037961,-1.5255722554013447,-1.5069158969180225,-1.170411277111474,-1.47780326430374,-1.185046269244741,-1.003012621610935,-0.7335363629220678,-1.6387164998208574,-1.4594738079754659,-1.2784282491276675,-1.1744287183853286,"{""type"":""Point"",""coordinates"":[-72.34688570118006,41.75901315991004]}"
00000000000000000003,Coventry,CV,400.49,true,CV_NHL_7,Nathan_Hale,NHL,large,2017,-1.205105468020663,-0.9873491446854918,-0.7985890078049002,-0.5519764113395101,-1.205937047228763,-1.0712081401135003,-0.8395339115919896,-0.7563018706844848,-0.8110754465084208,-0.5491141959356622,-0.5494457381395031,-0.2859158156106301,-0.7005125501122891,-0.5430532815926125,-0.5114336222056916,-0.37091523825893635,-0.5075050989786783,-0.4232980977099857,-0.5506810405317922,-0.0979690083927532,-0.22895307655730185,-1.4643816821175233,-1.2097072447354567,-1.1991214626787337,-0.8948428888502621,-1.2041056441327977,-0.9193845480421506,-0.7977371296986993,-0.4892363348979562,-1.329287066702792,-1.1632660034826963,-1.0119967098960523,-0.8987218780198523,"{""type"":""Point"",""coordinates"":[-72.34631493624522,41.75797418936459]}"
00000000000000000066,Bolton,BL,147.857,true,BL_RVM_5,Rockville_med,RVM,medium,2017,-1.1628835478069117,-1.2572194741955542,-0.752456496505786,-0.8618062133298512,-1.5293740596338568,-1.1645562947630093,-1.4579704559499032,-1.1199362757557667,-0.8326133966379814,-0.7956594296433996,-0.6366131211485178,-0.6381611922094146,-1.1160472161157946,-0.9715915440237679,-1.364946317133373,-1.0988868743556552,-1.0500236749649048,-1.326732053720104,-1.485393669351525,-0.9692519028660618,-1.0925908499596901,-2.4937670413760715,-2.0338438395030822,-2.1507170384812992,-1.7494289293363865,-1.2523144203606726,-1.3643094475491004,-0.787819983343693,-0.8830942334287553,-1.8663807293170123,-1.4919059813249398,-1.7695379191993328,-1.4145052966399143,"{""type"":""Point"",""coordinates"":[-72.43478350114559,41.83858581820877]}"
00000000000000000067,Bolton,BL,147.857,true,BL_RVM_6,Rockville_med,RVM,medium,2017,-1.2270234749835,-1.2725359207631446,-0.698744188250748,-0.7071390869664302,-1.2686509385964047,-0.9409218480554454,-1.0225716534719258,-0.6826326091874263,-0.7595346978206189,-0.694114050820224,-0.45027560990324295,-0.36899106763793493,-0.8496541051800701,-0.6920036069412293,-0.8301141340547414,-0.5508543486093483,-0.9902676854814801,-0.7107707068749187,-1.0163466669409047,-0.3388889812073064,-0.6297024274736324,-1.7627220567264346,-1.4408570625227894,-1.4018851022850407,-1.090113656323838,-1.3904662082913164,-1.370992329967237,-0.8306627107617499,-0.7614307490318328,-1.5332400612617803,-1.1953169263028687,-1.2926968880797005,-0.9235754624225686,"{""type"":""Point"",""coordinates"":[-72.4346764827203,41.839705052573194]}"
00000000000000000068,Bolton,BL,147.857,true,BL_RVM_7,Rockville_med,RVM,medium,2017,-1.7042613716559454,-1.5766874208994308,-1.2871906209430057,-1.0895601820240295,-1.7993213216091135,-1.553476385337426,-1.5911206209345903,-1.3416347831434243,-1.1511375111814997,-1.0040009444745215,-0.9400619544295407,-0.7394654033416486,-1.2183040782415744,-1.1028763368841503,-1.2951044660318811,-1.1017340780652547,-1.1683350971766882,-2.0072355338166776,-1.9681305390593624,-1.6316715717548926,-1.5002405953294724,-2.613718511300988,-2.313088546603306,-2.228483821048037,-1.9737587982100802,-1.9299988096860745,-1.7874219863778416,-1.4958780346885374,-1.2507899858269942,-2.141260437452824,-1.9188235205240125,-1.9448374942160425,-1.7003011538083388,"{""type"":""Point"",""coordinates"":[-72.43343239352639,41.839071860223605]}"
00000000000000000069,Bolton,BL,14.4047,true,BL_RVS_5,Rockville_small,RVS,small,2017,-1.043245350720547,-1.056342597546313,-0.7650230323227692,-0.8048696532319496,-1.5080893347195543,-1.1993186168379795,-1.314079808585765,-1.0315746807409925,-1.0466616865504124,-0.8132866705601408,-0.9601036928341087,-0.7085304544468118,-1.2115353760175738,-0.9426656943680042,-1.1615064838865667,-0.8444348438606732,-0.6832360217445775,-1.701830632991159,-1.4821021236329852,-1.383890491672077,-1.2149300150531401,-2.5263608518498097,-2.1037711414894216,-2.1104842089849996,-1.621431876477837,-1.3117820727847394,-1.1483061678200264,-0.9785613262828089,-0.8838260718475853,-1.7558770716309118,-1.4206709409321894,-1.574196447718351,-1.2698015459946452,"{""type"":""Point"",""coordinates"":[-72.43023075897001,41.844957873614156]}"
0000000000000000006a,Bolton,BL,14.4047,true,BL_RVS_6,Rockville_small,RVS,small,2017,-0.3850260689155945,-0.4014913987090818,-0.07146562972455005,-0.05540061977986151,-0.31005311414525855,-0.18328837058254072,-0.08675930462746584,0.041705426030291634,-0.1647299413392035,-0.09423640497398247,-0.030399283860961884,0.07870585884126644,-0.9702182608265815,-0.6083035894092207,-0.8003878961299469,-0.4060100827545276,-0.4558161286746754,0.16394351783926442,-0.3758102390828435,0.3632337567448741,-0.11781375749519872,-1.31178543359048,-1.04889298346251,-0.8757841423875297,-0.6056908307554274,-0.5317850600298352,-0.495244583788273,-0.2348530694229129,-0.14626882792622448,-0.5136039216427286,-0.3507342597583466,-0.27880471286679853,-0.11424728357786279,"{""type"":""Point"",""coordinates"":[-72.4304715504269,41.84606818977646]}"
0000000000000000006b,Bolton,BL,14.4047,true,BL_RVS_7,Rockville_small,RVS,small,2017,-0.8612318116802039,-0.9976469530053674,-0.6294955848187932,-0.7690567788536089,-0.9468676569750059,-0.7606306159935057,-0.8328450540162867,-0.6662678372114736,-0.6287579545599649,-0.5543417851113299,-0.6182552156055108,-0.46595739489585697,-1.009326733934842,-0.8046422838815552,-1.0205896799438077,-0.7548420814598167,-0.5155356725056967,-1.1949595904947352,-1.3352162584815825,-0.965531410352529,-1.0619931113574852,-2.20088431940999,-1.8226329012399962,-1.8846100674967858,-1.452429267890199,-1.0141582948251207,-1.086942519140331,-0.7737043007256128,-0.8472992501526802,-1.2044808314967015,-0.9956491877367931,-1.10731323980827,-0.9087240090550074,"{""type"":""Point"",""coordinates"":[-72.42907139269612,41.845671329782704]}"
00000000000000000019,Natchaug,NC,57.0757,true,NC_SLS_5,Natchaug_SummerLane,SLS,small,2017,-0.5353648446356001,-0.40517480113180215,-0.1203921595031783,-0.03581357045043725,-1.041714978998685,-0.6186449793928639,-0.8801885732798725,-0.4358435013735168,-0.3225561908322177,-0.3325831865549622,-0.03934581155184293,-0.043285917155802656,-0.7653056593038853,-0.5257059545242044,-0.7902095235622963,-0.467685461676932,-0.6830155723973325,0.2887860402417871,-0.3372166642125924,0.554173058906085,-0.0580230261638984,-1.2181419159202318,-0.8778039986716767,-0.9504414238145643,-0.6205873314256397,-0.4536000067446912,-0.2508600358966129,-0.024139415376398347,0.11281876888212884,-1.2013571416139877,-0.7626550779538801,-1.0972917874919585,-0.6035708820246971,"{""type"":""Point"",""coordinates"":[-72.13980950735909,41.895002364736975]}"
0000000000000000001a,Natchaug,NC,57.0757,true,NC_SLS_6,Natchaug_SummerLane,SLS,small,2017,-0.18235453061712528,-0.20660012054922122,0.3160787276424539,0.2629667013260117,-0.45478957247380686,-0.25793496416067363,-0.1784739185907532,-0.01426412118059974,-0.19294875541495551,-0.2185020716080843,0.21668388699115518,0.18053844589360543,-0.7698523054910376,-0.5749058881746515,-0.5874895114029549,-0.35446801408363404,0.12812108152052937,0.5565846109911475,-0.1905162750156163,0.7489059791923761,0.11720040702725268,-0.8301336623484747,-0.7474424197254136,-0.5196440627963463,-0.4395906363974643,-0.059792374273475196,-0.057339855518623604,0.45495957142236226,0.4011423004669435,-0.4947355604689283,-0.3208115643146987,-0.22593986724266232,-0.08326298153382643,"{""type"":""Point"",""coordinates"":[-72.13933684264741,41.89606808988874]}"
0000000000000000001b,Natchaug,NC,57.0757,true,NC_SLS_7,Natchaug_SummerLane,SLS,small,2017,-0.42034421940700173,-0.4481200260912011,0.109845633514527,0.07731298910950252,-0.4279210539720678,-0.22006457776427563,-0.18891511249395931,0.016067602347377093,-0.11901944155347405,-0.1456426767262204,0.2865064854973754,0.22056498244585515,-0.5385113968326973,-0.448820880887999,-0.41823824050429736,-0.28130688012340954,-0.4833824494305779,0.6515186713062694,-0.149273183123337,0.8846588635644973,0.1716557753739362,-0.6039237791921148,-0.7485563072342131,-0.30225605599868305,-0.398702994830334,-0.3715789856568814,-0.4016862871496448,0.1756003534337634,0.1386227278842508,-0.5865630481354873,-0.3561461984002503,-0.35693498523819506,-0.12518946880128443,"{""type"":""Point"",""coordinates"":[-72.13833800401146,41.89522531978965]}"
0000000000000000002e,Salmon,SM,1013.91,true,SM_SML_5,Salmon_large,SML,large,2017,-2.1132096341173296,-1.9900815618360956,-1.780599674341846,-1.5401266439299557,-1.6652311275975729,-1.7184285430724804,-1.343280480432665,-1.4615767915178044,-1.0379498282785522,-0.8893963272399618,-0.7044584683389552,-0.5356389743333412,-1.1762384267195238,-0.9969955354310877,-1.1624487346480643,-0.9532852285532428,-1.778536319732666,-1.687399929773638,-1.4820200114981514,-1.2597800209427679,-1.0775122575306224,-2.5683867268585856,-2.047925657259168,-2.1115269439928963,-1.708223814643514,-2.1544697774690738,-2.02681748475463,-1.8652489224305113,-1.5959224686857283,-1.9172898604110578,-1.909694823146577,-1.6852261165387181,-1.7584662750716415,"{""type"":""Point"",""coordinates"":[-72.46296501980336,41.60574047939994]}"
0000000000000000002f,Salmon,SM,1013.91,true,SM_SML_6,Salmon_large,SML,large,2017,-2.3804130814674673,-2.3171094759768254,-2.2056349048456894,-1.9295480692995672,-1.697558203747543,-1.7758426592222611,-1.5968754412381303,-1.683024029800914,-1.2947613459450529,-1.1035387146203723,-1.2202819140969898,-0.9449006890259966,-1.1600437920112525,-1.0648430445183947,-1.354246491644389,-1.180624225125425,-2.3520245869954426,-2.011557242601626,-1.5577488632418446,-1.7035205517778669,-1.1649157416548095,-2.564937124153973,-2.2015182071288666,-2.266188393884259,-1.9119142056798475,-2.3753421317616055,-2.246867393951531,-2.339237288860059,-1.9254720834196335,-2.06705907289207,-2.037804349742271,-2.122537884341597,-2.0947817981104015,"{""type"":""Point"",""coordinates"":[-72.46189929465159,41.60652528118535]}"
00000000000000000030,Salmon,SM,1013.91,true,SM_SML_7,Salmon_large,SML,large,2017,-1.950947855916803,-1.7297060775590096,-1.4455161425988738,-1.1323754318925836,-1.3436187725155795,-1.2599996849043367,-0.9920424545596782,-1.0038394585376347,-1.1169511036985136,-0.9358862441404351,-0.7026419714802,-0.5084757962748798,-0.980792966541672,-0.8475216247866421,-0.9100912984927476,-0.7545387036252454,-1.6638931035995483,-1.3369428613168353,-1.2726977624717755,-0.8675879793066479,-0.7842860098119799,-2.1504947240299184,-1.7010874324107215,-1.6860811835023086,-1.362093070699091,-1.9854102715272826,-1.7064577113249713,-1.542762113236907,-1.13887027269183,-1.6197065387757656,-1.412236911070866,-1.3622230001463735,-1.2644797045457319,"{""type"":""Point"",""coordinates"":[-72.46152473016309,41.605432801427256]}"
00000000000000000031,Salmon,SM,29.2743,true,SM_SMS_5,Salmon_small,SMS,small,2017,-1.8800804756792968,-1.7929446979645118,-1.4336306351627568,-1.3247428197306272,-1.5636448215096466,-1.594148454126572,-1.4514140432910398,-1.4958058042104652,-1.2564132933491354,-1.0167000569478735,-0.9217522090054654,-0.7375275231735858,-1.1821324507181825,-1.0424446487741867,-1.3274675279081016,-1.1495060747546069,-1.4520673751831055,-2.0892747028205982,-1.56937638178114,-1.5408134482053546,-1.126932086245993,-2.668802416068977,-2.4170141683208977,-2.244978303519115,-2.1595397805363037,-2.1514869215112356,-1.9507306957593684,-1.7209792701468405,-1.4836625646231298,-1.9672806782669277,-1.9688045493073487,-1.8458417205901179,-1.886610476219848,"{""type"":""Point"",""coordinates"":[-72.46480662853844,41.561657806385575]}"
00000000000000000032,Salmon,SM,29.2743,true,SM_SMS_6,Salmon_small,SMS,small,2017,-1.1013522342666426,-1.0655359329609468,-0.6350110685615233,-0.5327892798337294,-0.7762645364724597,-0.7350916685473167,-0.6012961653347448,-0.5970198051300907,-0.702670895441982,-0.516896873484348,-0.2739266540104461,-0.05967690380222557,-0.7133662925172114,-0.5806288480001849,-0.6927629830728683,-0.5326398796958072,-1.044094721476237,-0.8592241414611242,-0.6853122897958739,-0.44824810864123626,-0.30228619416005637,-1.5923652655847034,-1.373810280406497,-1.2016325554471337,-1.0427343632296266,-1.1857338480528867,-1.0340670137808143,-0.7333589572572891,-0.5060618278777138,-1.027514074456386,-0.9254491956485411,-0.8441495426173262,-0.7922653609395071,"{""type"":""Point"",""coordinates"":[-72.46377657619509,41.562473821878356]}"
00000000000000000033,Salmon,SM,29.2743,true,SM_SMS_7,Salmon_small,SMS,small,2017,-1.1613759796206495,-1.1169422754273983,-0.611730249255158,-0.5839499337870941,-1.1902502614735797,-1.1177347250740906,-0.9109431372055536,-0.9282953039901292,-1.0149651960599115,-0.7048993192697495,-0.5156571926362676,-0.2682464761538443,-0.9802600083246205,-0.8609008917408818,-0.9155695059065383,-0.806935213629839,-1.0285383112290327,-1.334826882823427,-1.059282126788757,-0.7700964580756013,-0.6117476215343156,-2.270455987118659,-2.013900262535241,-1.5892687157239225,-1.5607033159478476,-1.10321121908401,-0.9954515314011956,-0.5751030302356084,-0.4635233092726706,-1.321061213376951,-1.207633498119196,-1.082274636896399,-1.0586759412104652,"{""type"":""Point"",""coordinates"":[-72.46334850249396,41.561399178524475]}"
0000000000000000001f,NyeHolman,NH,117.942,true,NH_TCM_5,NyeHolman_TroopCmedium,TCM,medium,2017,-1.3263921148727698,-1.2851972737327346,-0.8130155565638699,-0.7464732158299923,-0.9081601489063629,-0.932692462383189,-0.4352607181686745,-0.5957064746195926,-0.890748753661504,-1.0747649874954195,-0.5343120261573143,-0.6348873956430213,-1.1646660184351059,-0.9209939584267931,-0.7630715519606149,-0.6646261231078638,-0.6357478361863357,-0.6036711308584143,-1.1010347742130078,-0.32585098210284763,-0.6875843592577364,-1.4068967755875241,-1.2358976827275983,-1.0457880357146214,-0.9017010697631304,-1.242487846198342,-1.2268600790518462,-0.7425888648694564,-0.6910055539502368,-1.0441372553514716,-0.980764904759212,-0.623076105028705,-0.7120708928893422,"{""type"":""Point"",""coordinates"":[-72.32727903384806,41.88935714280332]}"
00000000000000000020,NyeHolman,NH,117.942,true,NH_TCM_6,NyeHolman_TroopCmedium,TCM,medium,2017,-1.4665062117502117,-1.2214399046019604,-1.058584167051424,-0.7618455962903413,-0.8461893714219372,-0.7036155622290242,-0.5620520420009271,-0.5554065071963084,-0.9842315408166552,-1.0427510373030602,-0.7764272779655172,-0.7129612255889521,-1.383189795371494,-0.9639335272709177,-1.1789766750533133,-0.8483851143116498,0.03834124008814494,-0.8507365675998309,-1.0792431949784196,-0.6451135859363004,-0.7336170011904734,-1.7977358523955578,-1.3724866803228513,-1.413909156204113,-1.0675370761512442,-1.1389275384621969,-0.9069230514263381,-0.7914038627995749,-0.48460388720791936,-0.9367645840637296,-0.7203227964715272,-0.7022768876582008,-0.6291540297217912,"{""type"":""Point"",""coordinates"":[-72.32777399406498,41.89041840885404]}"
00000000000000000021,NyeHolman,NH,117.942,true,NH_TCM_7,NyeHolman_TroopCmedium,TCM,medium,2017,-1.0277533377030479,-1.0550725197970279,-0.6188230225302037,-0.6044755056862317,-0.6786856148346261,-0.47410906059505237,-0.33315230241900007,-0.28501251689785606,-0.7048471281124639,-0.8492380793073571,-0.44648264320089587,-0.4831392247172443,-0.9740636388798748,-0.5945552338111514,-0.700004612690623,-0.4341762073507111,-0.662729008992513,-0.34795478050200057,-0.6814604309938962,-0.13439365858464541,-0.36916749873984256,-1.198589258694807,-0.863619645694077,-0.8399783371631692,-0.5581386999700454,-0.9466186730361434,-0.9397983820085106,-0.569877032489207,-0.5188903249614698,-0.8578367756076463,-0.567911983313746,-0.5461765332717621,-0.42490801802440326,"{""type"":""Point"",""coordinates"":[-72.32629357251524,41.89020883110452]}"
